{"cameraMode":{"drawMode":0,"name":"Shaded","section":"Shading Mode"},"sceneLighting":false,"audioPlay":false,"sceneViewState":{"m_AlwaysRefresh":false,"showFog":true,"showSkybox":false,"showFlares":true,"showImageEffects":true,"showParticleSystems":true,"showVisualEffectGraphs":true,"m_FxEnabled":true},"in2DMode":false,"pivot":{"x":15.84692668914795,"y":0.8310772776603699,"z":13.299492835998536},"rotation":{"x":0.05576217919588089,"y":0.026952840387821199,"z":-0.0015017749974504114,"w":0.9981063604354858},"size":12.672990798950196,"orthographic":false}