{"cameraMode":{"drawMode":0,"name":"Shaded","section":"Shading Mode"},"sceneLighting":false,"audioPlay":false,"sceneViewState":{"m_AlwaysRefresh":false,"showFog":true,"showSkybox":false,"showFlares":true,"showImageEffects":true,"showParticleSystems":true,"showVisualEffectGraphs":true,"m_FxEnabled":true},"in2DMode":false,"pivot":{"x":-4.632428169250488,"y":3.0641708374023439,"z":-11.367647171020508},"rotation":{"x":-0.1703917235136032,"y":-0.03161699324846268,"z":0.0054609510116279129,"w":-0.9848880767822266},"size":3.3541018962860109,"orthographic":false}